"","Protein.Accession","Peptide","RT","Mass","Length","m.z","Tot_Abnd","Sensitivity","nhit","Tot_All_Abnd","nSpecies","Group","Specificity","Exclusivity"
"1","C0HJP0","R.GP(+15.99)KGEN(+.98)GPT(sub V)GPTGPVGAAGPSGPN(+.98)GPP(+15.99)GPAGSR.G",12.17,2882.343,33,961.7886,0.00665519162837694,1,3,0,1,"Cuvier",1,0.00665519162837694
"2","P02465","K.GP(+15.99)KGEN(+.98)GPT(sub V)GPTGPVGAAGPSGPN(+.98)GPP(+15.99)GPAGSR.G",12.17,2882.343,33,961.7886,0.00665519162837694,1,3,0,1,"Cuvier",1,0.00665519162837694
"3","P02454","R.GETGPAGPAGPIGPAGAR.G",14.94,1531.7742,18,766.8953,0.00474172208798953,1,3,0,1,"Cuvier",1,0.00474172208798953
"4","C0HJP0","R.GPF(sub K)GENGPVGPTGPVGAAGPSGPN(+.98)GPP(+15.99)GPAGSR.G",12.17,2882.3582,33,961.7886,0.00447132611487624,1,3,0,1,"Cuvier",1,0.00447132611487624
"5","P02465","K.GPF(sub K)GENGPVGPTGPVGAAGPSGPN(+.98)GPP(+15.99)GPAGSR.G",12.17,2882.3582,33,961.7886,0.00447132611487624,1,3,0,1,"Cuvier",1,0.00447132611487624
"6","Q9XSJ7","R.GEP(+15.99)GPP(+15.99)GPAGAS(sub A)GPAGNP(+15.99)GT(sub A)DGQP(+15.99)GAK.G",35.51,2361.0469,27,1181.5281,0.00429812895945997,1,3,0,1,"Cuvier",1,0.00429812895945997
"7","C0HJN6","R.GE(sub H)KGERGYPGV(sub A)GAP(+15.99)GPQGPVGPTGK.H",48.32,2364.1821,25,789.0674,0.00406986121353846,1,3,0,1,"Cuvier",1,0.00406986121353846
"8","Q9XSJ7","R.GEP(+15.99)GPP(+15.99)GPAGAS(sub A)GPAGNP(+15.99)GT(sub A)DGQPGAK.G",15.03,2345.052,27,1173.5337,0.00288165863577301,1,3,0,1,"Cuvier",1,0.00288165863577301
"9","P02465","K.GEN(+.98)GPT(sub V)GPTGPVGAAGPSGPN(+.98)GPP(+15.99)GPAGSR.G",40.97,2584.179,30,1293.0992,0.00280463767890443,1,3,0,1,"Cuvier",1,0.00280463767890443
"10","Q9XSJ7","R.GSEGPQGVRGEP(+15.99)GPP(+15.99)GPAGAS(sub A)GPAGNP(+15.99)GT(sub A)DGQP(+15.99)GAK.G",35.07,3228.4666,36,1077.16,0.00217911641826456,1,3,0,1,"Cuvier",1,0.00217911641826456
"11","C0HJN6","R.GHKGE(+21.98)R(+14.02)GYPGAGAPGPQGPVGPTGK.H",26.32,2364.1699,25,789.063,0.00165737673743859,1,3,0,1,"Cuvier",1,0.00165737673743859
"12","P02467","R.GST(sub N)GEP(+15.99)GSAGPP(+15.99)GPAGLR.G",23.68,1595.7539,18,798.8826,0.0311508962238479,1,3,0,1,"Falcon",1,0.0311508962238479
"13","P86290","GST(sub N)GEP(+15.99)GSAGPP(+15.99)GPAGLR.G",23.68,1595.7539,18,798.8826,0.0311508962238479,1,3,0,1,"Falcon",1,0.0311508962238479
"14","C0HLI1","R.GFP(+15.99)GADGIAGPK.G",38.6,1101.5454,12,551.7806,0.0311194316000722,1,3,0,1,"Falcon",1,0.0311194316000722
"15","C0HLJ6","K.GELGP(-30.01)VGNTGPSGPAGPR.G",35.59,1588.7957,18,530.6052,0.0209200281109278,1,3,0,1,"Falcon",1,0.0209200281109278
"16","Q9XSJ7","D.GPL(sub A)GAP(+15.99)GTP(+15.99)GPQGIAGQR.G",27.53,1661.8485,18,831.9312,0.0121127785912991,1,3,0,1,"Falcon",1,0.0121127785912991
"17","P02467","R.GPSGPP(+15.99)GPDGNKGEP(+15.99)GNVGA(sub P)AGG(sub A)P(+15.99)GPAGPGGIP(+15.99)GER.G",29.93,3151.4553,36,1051.4933,0.0104625791058794,1,3,0,1,"Falcon",1,0.0104625791058794
"18","P02457","K.GSP(+15.99)GADGPIGAP(+15.99)GTP(+15.99)GPQGIAGQR.G",39.43,2162.0352,24,721.6833,0.00894059204301011,1,3,0,1,"Falcon",1,0.00894059204301011
"19","P02467","R.GDP(+15.99)GPVGA(sub P)VGPAGAFGPR.G",52.71,1593.7899,18,797.9031,0.00864193062108169,1,3,0,1,"Falcon",1,0.00864193062108169
"20","P02457","K.N(+42.01)GDRGETGP(+15.99)AGPAGPP(+15.99)GPAGAR.G",15.38,2031.9358,22,678.3182,0.00775368101768653,1,3,0,1,"Falcon",1,0.00775368101768653
"21","P13941","K.N(+.98)GDRGETGPQ(sub A)GPSGP(sub A)PGPAGAR.G",36.92,2031.9358,22,678.3184,0.00640897915736737,1,3,0,1,"Falcon",1,0.00640897915736737
"22","P02467","D.PGPVGA(sub P)VGPAGAFGPR.G",50.82,1405.7466,16,469.5898,0.00611394575573622,1,3,0,1,"Falcon",1,0.00611394575573622
"23","C0HJP7","R.GVP(+15.99)GPP(+15.99)GAVGPAGKDGEAGAQ(+.98)GPPGSAGPAGER.G",36.47,2854.3481,33,952.4531,0.00120735466499536,1,9,0,1,"GreySeal",1,0.00120735466499536
"24","C0HJP1","R.GETGPSGPP(+15.99)GAP(+15.99)GAP(+15.99)GAPGPVGPAGK.G",28.95,2184.0447,26,1093.031,0.00115362318234464,1,9,0,1,"GreySeal",1,0.00115362318234464
"25","C0HLI5","R.GETGPSGPP(+15.99)GAP(+15.99)GAP(+15.99)GAPGPVGPAGK.S",28.95,2184.0447,26,1093.031,0.00115362318234464,1,9,0,1,"GreySeal",1,0.00115362318234464
"26","P02454","R.GVPGPP(+15.99)GAVGPAGKDGEAGAQGAPGPAGPAGER.G",42.45,2821.3743,33,941.4663,0.00094029002284289,1,9,0,1,"GreySeal",1,0.00094029002284289
"27","C0HJN4","R.GPAGPSGPAGKDGR.S",11.93,1222.6053,14,408.5422,0.000896151255848873,1,9,0,1,"GreySeal",1,0.000896151255848873
"28","O46392","R.GPAGPSGPAGKDGR.T",11.93,1222.6053,14,408.5422,0.000896151255848873,1,9,0,1,"GreySeal",1,0.000896151255848873
"29","P02465","R.GPAGPSGPAGKDGR.I",11.93,1222.6053,14,408.5422,0.000896151255848873,1,9,0,1,"GreySeal",1,0.000896151255848873
"30","P02454","R.GVP(+15.99)GPP(+15.99)GAVGPAGKDGEAGAQ(+.98)GAPGPAGPAGER.G",16.15,2838.353,33,947.1277,0.000410526115651463,1,9,0,1,"GreySeal",1,0.000410526115651463
"31","Q9XSJ7","R.GPP(+15.99)GSAGSPGKDGLN(+.98).G",15.58,1326.6051,15,664.3103,0.000265669485450961,1,9,0,1,"GreySeal",1,0.000265669485450961
"32","C0HJN5","R.GPP(+15.99)GSAGSPGKDGIN(+.98).G",15.58,1326.6051,15,664.3103,0.000254987361063999,1,9,0,1,"GreySeal",1,0.000254987361063999
"33","O46392","R.GPP(+15.99)GE(+21.98)SGAAGPSGPIGSR.G",20.18,1587.7252,18,530.2487,8.74338094399996e-05,1,9,0,1,"GreySeal",1,8.74338094399996e-05
"34","C0HJP0","R.GDGGPP(+15.99)GVTGFP(+15.99)GAAGR.T",19.44,1500.6957,17,751.3552,0.0402868196605944,1,4,0,1,"GreyWhale",1,0.0402868196605944
"35","P02457","R.GLTGPIGPP(+15.99)GPAGAPGDKGEAGPPGPAGPT(+79.97)GAR.G",19.66,2926.3972,33,976.4772,0.0340296187986779,1,4,0,1,"GreyWhale",1,0.0340296187986779
"36","C0HJP6","R.GPP(+15.99)GESGAAGPAGPIGN(sub S)R.G",12.93,1576.7593,18,789.3868,0.026325312459105,1,4,0,1,"GreyWhale",1,0.026325312459105
"37","Q6P4Z2","K.GESGPSGPT(sub A)GIVGARGAP.G",19.21,1565.7798,18,783.897,0.0135165245728391,1,4,0,1,"GreyWhale",1,0.0135165245728391
"38","Q6P4Z2","K.DGETGAQGPNGPAGPAGER(-.98).G",11.81,1735.7874,19,868.8953,0.0118032249371655,1,4,0,1,"GreyWhale",1,0.0118032249371655
"39","A8WR59","R.GP(+15.99)VGPP(+15.99)GFPGPK.G",9.15,1137.5818,12,569.7965,0.0106780551341709,1,4,0,1,"GreyWhale",1,0.0106780551341709
"40","C0HJP2","R.GIPGVSGSVGEP(+15.99)GPIGISGP(+15.99)P(+15.99)GAR.G",28.58,2162.0967,24,1082.0541,0.0097743771274927,1,4,0,1,"GreyWhale",1,0.0097743771274927
"41","P05539","R.VGPP(+15.99)GSNGN(+.98)P(+15.99)GPAGPPGPAGK.D",13.29,1813.8594,21,907.9373,0.00786049267162302,1,4,0,1,"GreyWhale",1,0.00786049267162302
"42","P85154","K.GEIGPVGNP(+15.99)GPSGP(+15.99)AGPR.G",15.71,1646.8011,18,824.4095,0.00682213344082529,1,4,0,1,"GreyWhale",1,0.00682213344082529
"43","P02463","R.DGLEGLP(+15.99)GP(+15.99)Q(+.98)GSPGLIGQPGAK.G",24.74,2077.0327,22,693.3535,0.00574164706949363,1,4,0,1,"GreyWhale",1,0.00574164706949363
"44","P11087","R.GLTGPIGPP(+15.99)GPAGAPGDKGEAGPS(+79.97)GPPGPTGAR.G",20.09,2942.3923,33,981.8107,0.0052323446454423,1,4,0,1,"GreyWhale",1,0.0052323446454423
"45","Q64739","R.DGP(+15.99)QTQKPHRAQR.S",27.64,1533.776,13,767.8962,0.111717612819388,1,9,0,1,"Seacow",1,0.111717612819388
"46","P0C2W8","K.SGDRGETGPAGPAGPAGPAGVR(+28.03).G",14.48,1960.9714,22,654.6668,0.101843689184822,1,9,0,1,"Seacow",1,0.101843689184822
"47","O46392","R.GEP(+15.99)GPAGSVGPVGAVGPR.G",18.94,1575.8004,18,788.9104,0.0765950253348845,1,9,0,1,"Seacow",1,0.0765950253348845
"48","C0HJN7","R.GPPGPVGPP(+15.99)GIAGPP(+15.99)GESGR.E",19.51,1783.8853,20,892.9506,0.0619393247998122,1,9,0,1,"Seacow",1,0.0619393247998122
"49","C0HLG9","R.GPPGPVGPP(+15.99)GLAGPP(+15.99)GESGR.E",19.51,1783.8853,20,892.9506,0.0619393247998122,1,9,0,1,"Seacow",1,0.0619393247998122
"50","P85154","R.G(+42.01)APGAVGAP(+15.99)GPAGATGDRGEAGPAGSAGPAGPR.G",13.47,2768.3225,33,693.0887,0.0614366366489446,1,9,0,1,"Seacow",1,0.0614366366489446
"51","C0HLI0","R.GIHGEFGLP(+15.99)GPAGS(sub P)R.G",20.74,1466.7266,15,489.9161,0.0562391298645682,1,9,0,1,"Seacow",1,0.0562391298645682
"52","P08123","R.GLHGEFGLP(+15.99)GPAGS(sub P)R.G",20.74,1466.7266,15,489.9161,0.0562391298645682,1,9,0,1,"Seacow",1,0.0562391298645682
"53","C0HJN7","R.GPP(+15.99)GPVGPP(+15.99)GIAGPP(+15.99)GESGR.E",18.06,1799.8801,20,900.9478,0.0537965113055843,1,9,0,1,"Seacow",1,0.0537965113055843
"54","C0HLG9","R.GPP(+15.99)GPVGPP(+15.99)GLAGPP(+15.99)GESGR.E",18.06,1799.8801,20,900.9478,0.0537965113055843,1,9,0,1,"Seacow",1,0.0537965113055843
"55","P85154","K.EGPAGLP(+15.99)GIDGRPGPIGPAGAR(+21.98).G",18.66,2049.0366,22,684.0156,0.0476300106246156,1,9,0,1,"Seacow",1,0.0476300106246156
"56","P02459","K.VGPSGAPGEDGRP(+15.99)GPP(+15.99)GPQGAR.G",19.88,2043.9722,22,682.3312,0.00445662214067304,1,4,0,1,"Seal",1,0.00445662214067304
"57","C0HJP6","R.GSP(+15.99)GERGEVGPT(sub A)GPN(+.98)GFAGPAGAAGQP(+15.99)GS(sub A)KGER.K",30.06,3038.4077,33,760.6093,0.00439782513962374,1,4,0,1,"Seal",1,0.00439782513962374
"58","P02465","R.GSP(+15.99)GERGEVGPT(sub A)GPN(+.98)GFAGPAGAAGQP(+15.99)GS(sub A)KGER.G",30.06,3038.4077,33,760.6093,0.00439782513962374,1,4,0,1,"Seal",1,0.00439782513962374
"59","C0HJN7","R.GFP(+15.99)GSD(+43.99)GVAGPK.G",29.62,1147.5145,12,574.7614,0.00383575625859702,1,4,0,1,"Seal",1,0.00383575625859702
"60","P02459","K.GSAGAP(+15.99)GIAGAP(+15.99)GFP(+15.99)GPR.G",39.25,1583.7692,18,792.8912,0.00316180297417514,1,4,0,1,"Seal",1,0.00316180297417514
"61","P02459","K.GSAGAPGIAGAP(+15.99)GFP(+15.99)GP(+15.99)R.G",39.29,1583.7692,18,792.8896,0.0028041000265152,1,4,0,1,"Seal",1,0.0028041000265152
"62","P02459","K.VGPSGAPGEDGRP(+15.99)GP(+15.99)PGPQGAR.G",16.56,2043.9722,22,682.3317,0.00275471738924045,1,4,0,1,"Seal",1,0.00275471738924045
"63","C0HJN7","R.GFPGSD(+43.99)GVAGP(+15.99)K.G",30.29,1147.5145,12,574.7654,0.00253197598205981,1,4,0,1,"Seal",1,0.00253197598205981
"64","P02459","R.GLTGPIGPP(+15.99)GPAGAN(+.98)GEKGEVGPP(+15.99)GPAGTAGAR.G",45.38,2896.4314,33,966.4834,0.0017934883068816,1,4,0,1,"Seal",1,0.0017934883068816
"65","P02459","R.GFTGLQGLP(+15.99)GP(+15.99)P(+15.99)GPSGDQGASGPAGPSGPR.G",56.58,2720.2788,30,1361.1487,0.00149061253796613,1,4,0,1,"Seal",1,0.00149061253796613
"66","C0HJN7","R.GFP(+15.99)GSDGVAGPK(+43.99).G",29.76,1147.5145,12,574.7643,0.00135830724580922,1,4,0,1,"Seal",1,0.00135830724580922
"67","C0HJN6","R.GT(sub S)TGEIGS(sub P)AGPP(+15.99)GPP(+15.99)GIR.G",32.37,1651.8165,18,551.6131,0.0242045090487808,1,3,0,1,"SpermWhale",1,0.0242045090487808
"68","C0HJP0","R.GAP(+15.99)GAVGAP(+15.99)GPAGAN(+.98)GDRGEAGAAGPAGPAGS(sub P)R.G",19.53,2730.2705,33,683.5746,0.0193611921093806,1,3,0,1,"SpermWhale",1,0.0193611921093806
"69","Q9XSJ7","R.GVQGPS(sub P)GPAGPR.G",24.83,1078.5519,12,540.283,0.0171713932656643,1,3,0,1,"SpermWhale",1,0.0171713932656643
"70","C0HJN8","R.TGP(+15.99)P(+15.99)GPSGITGPP(+15.99)GPP(+15.99)GP(sub A)AGK.E",46.59,1858.906,21,930.4602,0.0113593552185368,1,3,0,1,"SpermWhale",1,0.0113593552185368
"71","C0HJP2","R.TGP(+15.99)P(+15.99)GPSGITGPP(+15.99)GPP(+15.99)GP(sub A)AGK.R",46.59,1858.906,21,930.4602,0.0113593552185368,1,3,0,1,"SpermWhale",1,0.0113593552185368
"72","Q9XSJ7","R.GEP(+15.99)GPP(+15.99)GPAGAAGPAGNP(+15.99)GT(sub A)DGQA(sub P)GAK.G",36.26,2303.0413,27,1152.5251,0.0110601051075908,1,3,0,1,"SpermWhale",1,0.0110601051075908
"73","C0HJP1","R.VGPPGPSGNAGAP(+15.99)GP(+15.99)P(+15.99)GPAGK.E",37.04,1785.8645,21,893.9387,0.00860232706433096,1,3,0,1,"SpermWhale",1,0.00860232706433096
"74","C0HJN8","R.GIP(+15.99)GVAGSIGEP(+15.99)GPIGIAGPT(sub P)GAR.G",61.49,2132.1226,24,711.7189,0.00812987768027987,1,3,0,1,"SpermWhale",1,0.00812987768027987
"75","Q9XSJ7","D.GPAGAP(+15.99)GS(sub T)P(+15.99)GPQGIAGQR.G",24.27,1605.7859,18,536.2686,0.00759885651013778,1,3,0,1,"SpermWhale",1,0.00759885651013778
"76","P02465","R.TGP(+15.99)P(+15.99)GPSGIT(sub S)GPP(+15.99)GPP(+15.99)GPAGK.E",46.86,1858.906,21,930.4602,0.00691089793624039,1,3,0,1,"SpermWhale",1,0.00691089793624039
"77","C0HJP6","R.GEVGPAGPN(+.98)GFAGPAGAAGQPGAKGE(+21.98)R.K",45.85,2399.1228,27,1200.5619,0.00642068519089023,1,3,0,1,"SpermWhale",1,0.00642068519089023
"78","Q9YIB4","R.GFPGSDGAS(+60.00)GPK.G",27.75,1135.4967,12,568.7549,0.0212491391067423,1,3,0,1,"Swan",1,0.0212491391067423
"79","P02467","R.GG(sub S)N(+.98)GEP(+15.99)GSAGPP(+15.99)GPAGLR.G",21.75,1579.7225,18,790.8691,0.0150065669674935,1,3,0,1,"Swan",1,0.0150065669674935
"80","P02467","K.GEIGPAGNVGPTGPAGPR.G",35.8,1602.8114,18,535.2771,0.0133515779167623,1,3,0,1,"Swan",1,0.0133515779167623
"81","P02457","K.N(+.98)GDRGETGPAGPAGPP(+15.99)GPAGAR.G",15.91,1974.9143,22,659.3133,0.0128442703847094,1,3,0,1,"Swan",1,0.0128442703847094
"82","Q9XSJ7","D.GPV(sub A)GAP(+15.99)GTP(+15.99)GPQGIAGQR.G",35.76,1647.8328,18,550.2823,0.012291839029166,1,3,0,1,"Swan",1,0.012291839029166
"83","P02467","K.GETGPTGAIGPV(sub I)GASGPP(+15.99)GPA(sub V)GAAGPAGPR.G",50.67,2496.2356,30,1249.1243,0.0114926410358295,1,3,0,1,"Swan",1,0.0114926410358295
"84","Q9YIB4","K.GSPGSDGP(+15.99)AGAP(+15.99)GIP(+15.99)GPQGIAGQR.G",41.58,2148.0195,24,1075.0151,0.0100264771402188,1,3,0,1,"Swan",1,0.0100264771402188
"85","P02467","R.GPSGPP(+15.99)GT(sub P)DGNKGEP(+15.99)GNVGA(sub P)AGG(sub A)P(+15.99)GPAGPGGIP(+15.99)GER.G",26.76,3155.4502,36,1052.8248,0.00632425349680896,1,3,0,1,"Swan",1,0.00632425349680896
"86","P02467","G.N(sub S)N(+.98)GEP(+15.99)GSAGPP(+15.99)GPAGLR.G",21.75,1579.7225,17,790.8691,0.00624921195481586,1,3,0,1,"Swan",1,0.00624921195481586
"87","Q9YIB4","R.GFPGSDGAS(+44.01)GPK.G",38.16,1119.5018,12,560.7592,0.00533449201315925,1,3,0,1,"Swan",1,0.00533449201315925
"88","C0HLI1","R.GFP(+15.99)GADGM(sub I)AGPK.G",26.6,1119.5018,12,560.7568,0.00525786703776964,1,3,0,1,"Swan",1,0.00525786703776964
