"","Protein.Accession","Peptide","RT","Mass","Length","m.z","Tot_Abnd","Sensitivity","nhit","Tot_All_Abnd","nSpecie","Group","Specificity","Exclusivity"
"1","P02454","R.GVP(+15.99)GPP(+15.99)GAVGPAGKDGEAGAQ(+.98)GAPGPAGPAGER.G",16.15,2838.353,33,947.1277,0.000409406820499355,1,9,2.66940693994259e-05,2,"GreySeal",0.812913356642856,15.3369954342053
"2","P02454","R.GVPGPP(+15.99)GAVGPAGKDGEAGAQGAPGPAGPAGER.G",42.45,2821.3743,33,941.4663,0.000937421503284266,1,9,7.32894041021219e-05,2,"GreySeal",0.812913356642856,12.7906825654914
"3","O46392","R.GPP(+15.99)GE(+21.98)SGAAGPSGPIGSR.G",20.18,1587.7252,18,530.2487,8.71522863453147e-05,1,9,8.21425793801141e-06,2,"GreySeal",0.812913356642856,10.6098794319592
"4","C0HJP7","R.GVP(+15.99)GPP(+15.99)GAVGPAGKDGEAGAQ(+.98)GPPGSAGPAGER.G",36.47,2854.3481,33,952.4531,0.0012034913950237,1,9,0.000114234296826432,2,"GreySeal",0.812913356642856,10.5352895624008
"5","C0HJN3","K.GEP(+15.99)GDAGAKGDAGPP(+15.99)GPAGPTGAP(+15.99)GP(+15.99)IGNVGAP(+15.99)GPK.G",34,3124.4695,36,1042.4979,0.00790484022687198,1,9,0.00103933831479612,2,"GreySeal",0.812913356642856,7.60564689508497
"6","C0HJP1","R.GETGPSGPP(+15.99)GAP(+15.99)GAP(+15.99)GAPGPVGPAGK.G",28.95,2184.0447,26,1093.031,0.0011516812859357,1,9,0.000164706799806805,2,"GreySeal",0.812913356642856,6.99231171564609
"7","C0HLI5","R.GETGPSGPP(+15.99)GAP(+15.99)GAP(+15.99)GAPGPVGPAGK.S",28.95,2184.0447,26,1093.031,0.0011516812859357,1,9,0.000164706799806805,2,"GreySeal",0.812913356642856,6.99231171564609
"8","C0HLI1","K.GDAGPSGPAGP(+15.99)TGP(+15.99)PGPIGNVGAPGP(+15.99)K.G",38.02,2326.1189,27,776.3799,0.001635110263243,1,9,0.000354919704398263,2,"GreySeal",0.812913356642856,4.60698643377716
"9","C0HJP8","N.RGEP(+15.99)GPAGSVGPAGAVGPR.G",26.24,1703.8702,19,568.9621,0.000822847940414312,1,9,0.000516933903024224,2,"GreySeal",0.812913356642856,1.59178559502559
"10","O46392","K.EGPMGLP(+15.99)GIDGRPGPIGP(+15.99)AGAR.G",52.68,2103.053,22,702.0272,0.00319771281832015,1,9,0.002168551853679,2,"GreySeal",0.812913356642856,1.47458443887111
"11","O46392","K.EGPMGLP(+15.99)GIDGRPGP(+15.99)IGP(+15.99)AGAR.G",50.53,2119.0479,22,707.3569,0.00587330663421227,1,9,0.00504350039134858,2,"GreySeal",0.812913356642856,1.16452982620703
"12","C0HJP0","R.GP(+15.99)KGEN(+.98)GPT(sub V)GPTGPVGAAGPSGPN(+.98)GPP(+15.99)GPAGSR.G",12.17,2882.343,33,961.7886,0.00664942399368566,1,3,0,1,"Cuvier",1.11394335230684,1e+06
"13","P02465","K.GP(+15.99)KGEN(+.98)GPT(sub V)GPTGPVGAAGPSGPN(+.98)GPP(+15.99)GPAGSR.G",12.17,2882.343,33,961.7886,0.00664942399368566,1,3,0,1,"Cuvier",1.11394335230684,1e+06
"14","P02454","R.GETGPAGPAGPIGPAGAR.G",14.94,1531.7742,18,766.8953,0.00473769561184552,1,3,0,1,"Cuvier",1.11394335230684,1e+06
"15","C0HJP0","R.GPF(sub K)GENGPVGPTGPVGAAGPSGPN(+.98)GPP(+15.99)GPAGSR.G",12.17,2882.3582,33,961.7886,0.00446738523124543,1,3,0,1,"Cuvier",1.11394335230684,1e+06
"16","P02465","K.GPF(sub K)GENGPVGPTGPVGAAGPSGPN(+.98)GPP(+15.99)GPAGSR.G",12.17,2882.3582,33,961.7886,0.00446738523124543,1,3,0,1,"Cuvier",1.11394335230684,1e+06
"17","Q9XSJ7","R.GEP(+15.99)GPP(+15.99)GPAGAS(sub A)GPAGNP(+15.99)GT(sub A)DGQP(+15.99)GAK.G",35.51,2361.0469,27,1181.5281,0.00429424999086855,1,3,0,1,"Cuvier",1.11394335230684,1e+06
"18","C0HJN6","R.GE(sub H)KGERGYPGV(sub A)GAP(+15.99)GPQGPVGPTGK.H",48.32,2364.1821,25,789.0674,0.00406632553213033,1,3,0,1,"Cuvier",1.11394335230684,1e+06
"19","Q9XSJ7","R.GEP(+15.99)GPP(+15.99)GPAGAS(sub A)GPAGNP(+15.99)GT(sub A)DGQPGAK.G",15.03,2345.052,27,1173.5337,0.00287923631208755,1,3,0,1,"Cuvier",1.11394335230684,1e+06
"20","P02465","K.GEN(+.98)GPT(sub V)GPTGPVGAAGPSGPN(+.98)GPP(+15.99)GPAGSR.G",40.97,2584.179,30,1293.0992,0.00280226282755184,1,3,0,1,"Cuvier",1.11394335230684,1e+06
"21","Q9XSJ7","R.GSEGPQGVRGEP(+15.99)GPP(+15.99)GPAGAS(sub A)GPAGNP(+15.99)GT(sub A)DGQP(+15.99)GAK.G",35.07,3228.4666,36,1077.16,0.00217726383226986,1,3,0,1,"Cuvier",1.11394335230684,1e+06
"22","C0HJN6","R.GHKGE(+21.98)R(+14.02)GYPGAGAPGPQGPVGPTGK.H",26.32,2364.1699,25,789.063,0.00165598918674476,1,3,0,1,"Cuvier",1.11394335230684,1e+06
"23","P02467","R.GST(sub N)GEP(+15.99)GSAGPP(+15.99)GPAGLR.G",23.68,1595.7539,18,798.8826,0.0311116395828308,1,3,0,1,"Falcon",1.11394335230684,1e+06
"24","P86290","GST(sub N)GEP(+15.99)GSAGPP(+15.99)GPAGLR.G",23.68,1595.7539,18,798.8826,0.0311116395828308,1,3,0,1,"Falcon",1.11394335230684,1e+06
"25","C0HLI1","R.GFP(+15.99)GADGIAGPK.G",38.6,1101.5454,12,551.7806,0.0310802472004649,1,3,0,1,"Falcon",1.11394335230684,1e+06
"26","C0HLJ6","K.GELGP(-30.01)VGNTGPSGPAGPR.G",35.59,1588.7957,18,530.6052,0.0208937687598202,1,3,0,1,"Falcon",1.11394335230684,1e+06
"27","Q9XSJ7","D.GPL(sub A)GAP(+15.99)GTP(+15.99)GPQGIAGQR.G",27.53,1661.8485,18,831.9312,0.0120974521399864,1,3,0,1,"Falcon",1.11394335230684,1e+06
"28","P02467","R.GPSGPP(+15.99)GPDGNKGEP(+15.99)GNVGA(sub P)AGG(sub A)P(+15.99)GPAGPGGIP(+15.99)GER.G",29.93,3151.4553,36,1051.4933,0.0104498103623032,1,3,0,1,"Falcon",1.11394335230684,1e+06
"29","P02457","K.GSP(+15.99)GADGPIGAP(+15.99)GTP(+15.99)GPQGIAGQR.G",39.43,2162.0352,24,721.6833,0.00892953631760812,1,3,0,1,"Falcon",1.11394335230684,1e+06
"30","P02467","R.GDP(+15.99)GPVGA(sub P)VGPAGAFGPR.G",52.71,1593.7899,18,797.9031,0.00863097357514163,1,3,0,1,"Falcon",1.11394335230684,1e+06
"31","P02457","K.N(+42.01)GDRGETGP(+15.99)AGPAGPP(+15.99)GPAGAR.G",15.38,2031.9358,22,678.3182,0.00774385741533134,1,3,0,1,"Falcon",1.11394335230684,1e+06
"32","P13941","K.N(+.98)GDRGETGPQ(sub A)GPSGP(sub A)PGPAGAR.G",36.92,2031.9358,22,678.3184,0.00640087368868399,1,3,0,1,"Falcon",1.11394335230684,1e+06
"33","P02467","D.PGPVGA(sub P)VGPAGAFGPR.G",50.82,1405.7466,16,469.5898,0.0061063612607346,1,3,0,1,"Falcon",1.11394335230684,1e+06
"34","P85154","K.GEIGPVGNP(+15.99)GPSGP(+15.99)AGPR.G",15.71,1646.8011,18,824.4095,0.00680016998224774,1,4,0,1,"GreyWhale",1.11394335230684,1e+06
"35","P11087","R.GLTGPIGPP(+15.99)GPAGAPGDKGEAGPS(+79.97)GPPGPTGAR.G",20.09,2942.3923,33,981.8107,0.00521562940393708,1,4,0,1,"GreyWhale",1.11394335230684,1e+06
"36","C0HJN9","K.GITGPIGPP(+15.99)GPAGAPGDKGETGPSGPAGP(+15.99)TGAR.R",19.87,2882.4158,33,961.8148,0.00260402014313826,1,4,0,1,"GreyWhale",1.11394335230684,1e+06
"37","P02454","R.GLTGPIGPP(+15.99)GPAGAPGDKGETGPSGPAGP(+15.99)TGAR.G",19.87,2882.4158,33,961.8148,0.00260402014313826,1,4,0,1,"GreyWhale",1.11394335230684,1e+06
"38","C0HJN9","K.GETGPSGPAGP(+15.99)TGAR.R",9.11,1326.6163,15,664.3155,0.00239940423205181,1,4,0,1,"GreyWhale",1.11394335230684,1e+06
"39","C0HLH9","K.GETGPSGPAGP(+15.99)TGAR.G",9.11,1326.6163,15,664.3155,0.00239940423205181,1,4,0,1,"GreyWhale",1.11394335230684,1e+06
"40","P85154","R.GSDGSVGPVGPAGPIGSAGPP(+15.99)GFPGAPGPK(+226.08)GEIGPVGNPGPSGPAGPR.G",30.78,4379.1392,48,1095.7832,0.0021883146791896,1,4,0,1,"GreyWhale",1.11394335230684,1e+06
"41","C0HJN6","R.GPP(+15.99)GED(sub S)GAAGPA(sub T)GPIGNR.G",13.83,1604.7543,18,803.3844,0.00203457726434732,1,4,0,1,"GreyWhale",1.11394335230684,1e+06
"42","P02453","K.GAPGADGPAGAP(+15.99)GM(sub T)PGPQGIAGQR.G",15.95,2101.9963,24,1051.9967,0.00121961433117268,1,4,0,1,"GreyWhale",1.11394335230684,1e+06
"43","C0HJP6","R.GEVGIA(sub P)GVSGPVGPP(+15.99)GNPGAN(+.98)GIP(+15.99)GAK.G",27.83,2358.1814,27,787.0685,0.000541694832314536,1,4,0,1,"GreyWhale",1.11394335230684,1e+06
"44","Q9XSJ7","R.EGSPGAEGSPGRD(+43.99)GSP(+15.99)GPK.G",8.23,1797.7765,19,600.267,0.000195065736642185,1,4,0,1,"GreyWhale",1.11394335230684,1e+06
"45","Q64739","R.DGP(+15.99)QTQKPHRAQR.S",27.64,1533.776,13,767.8962,0.111467917186877,1,9,0,1,"Seacow",1.11394335230684,1e+06
"46","O46392","R.GEP(+15.99)GPAGSVGPVGAVGPR.G",18.94,1575.8004,18,788.9104,0.076428484804845,1,9,0,1,"Seacow",1.11394335230684,1e+06
"47","C0HJN7","R.GPPGPVGPP(+15.99)GIAGPP(+15.99)GESGR.E",19.51,1783.8853,20,892.9506,0.0618066159827344,1,9,0,1,"Seacow",1.11394335230684,1e+06
"48","C0HLG9","R.GPPGPVGPP(+15.99)GLAGPP(+15.99)GESGR.E",19.51,1783.8853,20,892.9506,0.0618066159827344,1,9,0,1,"Seacow",1.11394335230684,1e+06
"49","P85154","R.G(+42.01)APGAVGAP(+15.99)GPAGATGDRGEAGPAGSAGPAGPR.G",13.47,2768.3225,33,693.0887,0.0613193924247113,1,9,0,1,"Seacow",1.11394335230684,1e+06
"50","C0HLI0","R.GIHGEFGLP(+15.99)GPAGS(sub P)R.G",20.74,1466.7266,15,489.9161,0.0561273296694381,1,9,0,1,"Seacow",1.11394335230684,1e+06
"51","P08123","R.GLHGEFGLP(+15.99)GPAGS(sub P)R.G",20.74,1466.7266,15,489.9161,0.0561273296694381,1,9,0,1,"Seacow",1.11394335230684,1e+06
"52","C0HJN7","R.GPP(+15.99)GPVGPP(+15.99)GIAGPP(+15.99)GESGR.E",18.06,1799.8801,20,900.9478,0.0536777949471005,1,9,0,1,"Seacow",1.11394335230684,1e+06
"53","C0HLG9","R.GPP(+15.99)GPVGPP(+15.99)GLAGPP(+15.99)GESGR.E",18.06,1799.8801,20,900.9478,0.0536777949471005,1,9,0,1,"Seacow",1.11394335230684,1e+06
"54","P85154","K.EGPAGLP(+15.99)GIDGRPGPIGPAGAR(+21.98).G",18.66,2049.0366,22,684.0156,0.0475341759321281,1,9,0,1,"Seacow",1.11394335230684,1e+06
"55","C0HJN7","R.GITGPIGPP(+15.99)GPAGAPGDKGESGPSGPAGP(+15.99)TGAR.G",19.4,2868.4001,33,957.1429,0.035780247877668,1,9,0,1,"Seacow",1.11394335230684,1e+06
"56","P02459","K.VGPSGAPGEDGRP(+15.99)GPP(+15.99)GPQGAR.G",19.88,2043.9722,22,682.3312,0.00444544163504116,1,4,0,1,"Seal",1.11394335230684,1e+06
"57","C0HJP6","R.GSP(+15.99)GERGEVGPT(sub A)GPN(+.98)GFAGPAGAAGQP(+15.99)GS(sub A)KGER.K",30.06,3038.4077,33,760.6093,0.00438966790994278,1,4,0,1,"Seal",1.11394335230684,1e+06
"58","P02465","R.GSP(+15.99)GERGEVGPT(sub A)GPN(+.98)GFAGPAGAAGQP(+15.99)GS(sub A)KGER.G",30.06,3038.4077,33,760.6093,0.00438966790994278,1,4,0,1,"Seal",1.11394335230684,1e+06
"59","C0HJN7","R.GFP(+15.99)GSD(+43.99)GVAGPK.G",29.62,1147.5145,12,574.7614,0.00382730668708641,1,4,0,1,"Seal",1.11394335230684,1e+06
"60","P02459","K.GSAGAP(+15.99)GIAGAP(+15.99)GFP(+15.99)GPR.G",39.25,1583.7692,18,792.8912,0.00315355724789054,1,4,0,1,"Seal",1.11394335230684,1e+06
"61","P02459","K.GSAGAPGIAGAP(+15.99)GFP(+15.99)GP(+15.99)R.G",39.29,1583.7692,18,792.8896,0.00279637047002805,1,4,0,1,"Seal",1.11394335230684,1e+06
"62","P02459","K.VGPSGAPGEDGRP(+15.99)GP(+15.99)PGPQGAR.G",16.56,2043.9722,22,682.3317,0.00274707416491938,1,4,0,1,"Seal",1.11394335230684,1e+06
"63","C0HJN7","R.GFPGSD(+43.99)GVAGP(+15.99)K.G",30.29,1147.5145,12,574.7654,0.00252626432125391,1,4,0,1,"Seal",1.11394335230684,1e+06
"64","P02459","R.GLTGPIGPP(+15.99)GPAGAN(+.98)GEKGEVGPP(+15.99)GPAGTAGAR.G",45.38,2896.4314,33,966.4834,0.00178867141191966,1,4,0,1,"Seal",1.11394335230684,1e+06
"65","P02459","R.GFTGLQGLP(+15.99)GP(+15.99)P(+15.99)GPSGDQGASGPAGPSGPR.G",56.58,2720.2788,30,1361.1487,0.00148741050585639,1,4,0,1,"Seal",1.11394335230684,1e+06
"66","C0HJN7","R.GFP(+15.99)GSDGVAGPK(+43.99).G",29.76,1147.5145,12,574.7643,0.00135507932323698,1,4,0,1,"Seal",1.11394335230684,1e+06
"67","C0HJN6","R.GT(sub S)TGEIGS(sub P)AGPP(+15.99)GPP(+15.99)GIR.G",32.37,1651.8165,18,551.6131,0.0241842063794067,1,3,0,1,"SpermWhale",1.11394335230684,1e+06
"68","C0HJP0","R.GAP(+15.99)GAVGAP(+15.99)GPAGAN(+.98)GDRGEAGAAGPAGPAGS(sub P)R.G",19.53,2730.2705,33,683.5746,0.0193454155493697,1,3,0,1,"SpermWhale",1.11394335230684,1e+06
"69","C0HJN8","R.TGP(+15.99)P(+15.99)GPSGITGPP(+15.99)GPP(+15.99)GP(sub A)AGK.E",46.59,1858.906,21,930.4602,0.0113490569319403,1,3,0,1,"SpermWhale",1.11394335230684,1e+06
"70","C0HJP2","R.TGP(+15.99)P(+15.99)GPSGITGPP(+15.99)GPP(+15.99)GP(sub A)AGK.R",46.59,1858.906,21,930.4602,0.0113490569319403,1,3,0,1,"SpermWhale",1.11394335230684,1e+06
"71","Q9XSJ7","R.GEP(+15.99)GPP(+15.99)GPAGAAGPAGNP(+15.99)GT(sub A)DGQA(sub P)GAK.G",36.26,2303.0413,27,1152.5251,0.0110507924055447,1,3,0,1,"SpermWhale",1.11394335230684,1e+06
"72","C0HJP1","R.VGPPGPSGNAGAP(+15.99)GP(+15.99)P(+15.99)GPAGK.E",37.04,1785.8645,21,893.9387,0.00859508235284606,1,3,0,1,"SpermWhale",1.11394335230684,1e+06
"73","C0HJN8","R.GIP(+15.99)GVAGSIGEP(+15.99)GPIGIAGPT(sub P)GAR.G",61.49,2132.1226,24,711.7189,0.0081225117657908,1,3,0,1,"SpermWhale",1.11394335230684,1e+06
"74","Q9XSJ7","D.GPAGAP(+15.99)GS(sub T)P(+15.99)GPQGIAGQR.G",24.27,1605.7859,18,536.2686,0.00759253132090674,1,3,0,1,"SpermWhale",1.11394335230684,1e+06
"75","P02465","R.TGP(+15.99)P(+15.99)GPSGIT(sub S)GPP(+15.99)GPP(+15.99)GPAGK.E",46.86,1858.906,21,930.4602,0.00690468434207688,1,3,0,1,"SpermWhale",1.11394335230684,1e+06
"76","C0HJP6","R.GEVGPAGPN(+.98)GFAGPAGAAGQPGAKGE(+21.98)R.K",45.85,2399.1228,27,1200.5619,0.00641527384128351,1,3,0,1,"SpermWhale",1.11394335230684,1e+06
"77","P02465","R.GEVGPAGPN(+.98)GFAGPAGAAGQPGAKGE(+21.98)R.G",45.85,2399.1228,27,1200.5619,0.00641527384128351,1,3,0,1,"SpermWhale",1.11394335230684,1e+06
"78","Q9YIB4","R.GFPGSDGAS(+60.00)GPK.G",27.75,1135.4967,12,568.7549,0.0212249207263122,1,3,0,1,"Swan",1.11394335230684,1e+06
"79","P02467","R.GG(sub S)N(+.98)GEP(+15.99)GSAGPP(+15.99)GPAGLR.G",21.75,1579.7225,18,790.8691,0.0149884113146557,1,3,0,1,"Swan",1.11394335230684,1e+06
"80","P02467","K.GEIGPAGNVGPTGPAGPR.G",35.8,1602.8114,18,535.2771,0.013335458578641,1,3,0,1,"Swan",1.11394335230684,1e+06
"81","P02457","K.N(+.98)GDRGETGPAGPAGPP(+15.99)GPAGAR.G",15.91,1974.9143,22,659.3133,0.0128288026722693,1,3,0,1,"Swan",1.11394335230684,1e+06
"82","Q9XSJ7","D.GPV(sub A)GAP(+15.99)GTP(+15.99)GPQGIAGQR.G",35.76,1647.8328,18,550.2823,0.0122776079276338,1,3,0,1,"Swan",1.11394335230684,1e+06
"83","P02467","K.GETGPTGAIGPV(sub I)GASGPP(+15.99)GPA(sub V)GAAGPAGPR.G",50.67,2496.2356,30,1249.1243,0.0114787520418596,1,3,0,1,"Swan",1.11394335230684,1e+06
"84","Q9YIB4","K.GSPGSDGP(+15.99)AGAP(+15.99)GIP(+15.99)GPQGIAGQR.G",41.58,2148.0195,24,1075.0151,0.0100146004301033,1,3,0,1,"Swan",1.11394335230684,1e+06
"85","P02467","R.GPSGPP(+15.99)GT(sub P)DGNKGEP(+15.99)GNVGA(sub P)AGG(sub A)P(+15.99)GPAGPGGIP(+15.99)GER.G",26.76,3155.4502,36,1052.8248,0.00631679549569006,1,3,0,1,"Swan",1.11394335230684,1e+06
"86","P02467","G.N(sub S)N(+.98)GEP(+15.99)GSAGPP(+15.99)GPAGLR.G",21.75,1579.7225,17,790.8691,0.00624116451946818,1,3,0,1,"Swan",1.11394335230684,1e+06
"87","Q9YIB4","R.GFPGSDGAS(+44.01)GPK.G",38.16,1119.5018,12,560.7592,0.00532774942498294,1,3,0,1,"Swan",1.11394335230684,1e+06
"88","C0HLI1","R.GFP(+15.99)GADGM(sub I)AGPK.G",26.6,1119.5018,12,560.7568,0.00525122972669694,1,3,0,1,"Swan",1.11394335230684,1e+06
